Project ID,Project Name,Workstream,Project Manager,Sponsor Function,Start Date,End Date,Project Status,Priority,Completion %,Budget,Actual Spend,Budget Variance %,RAID ID,RAID Type,Severity,RAID Status,Opened Date,Due Date,RAID Owner,RAID Description
PRJ-004,Portfolio Initiative 04,Finance Transformation,Kunal Shah,Finance,2026-04-02,2026-07-27,On Track,Low,61,6300000,6552000,4,RAID-001,Risk,Critical,Mitigated,2026-04-14,2026-05-05,Priya Nair,Risk identified for Portfolio Initiative 04 - governance follow-up required
PRJ-001,Portfolio Initiative 01,Digital Transformation,Neha Sharma,Customer Experience,2026-02-03,2026-05-10,Delayed,Low,50,4600000,4462000,-3,RAID-002,Risk,Medium,Open,2026-03-14,2026-03-23,Ananya Rao,Risk identified for Portfolio Initiative 01 - governance follow-up required
PRJ-003,Portfolio Initiative 03,Process Excellence,Kunal Shah,Technology,2026-03-03,2026-09-23,At Risk,High,45,3800000,4028000,6,RAID-003,Issue,High,Open,2026-07-15,2026-07-30,Meera Iyer,Issue identified for Portfolio Initiative 03 - governance follow-up required
PRJ-008,Portfolio Initiative 08,Process Excellence,Priya Nair,Operations,2026-02-18,2026-10-02,Delayed,Critical,45,7700000,8162000,6,RAID-004,Dependency,Low,Open,2026-04-17,2026-05-21,Ananya Rao,Dependency identified for Portfolio Initiative 08 - governance follow-up required
PRJ-014,Portfolio Initiative 14,Digital Transformation,Kunal Shah,Customer Experience,2026-01-06,2026-06-12,Completed,High,100,4000000,4480000,12,RAID-005,Issue,Low,Mitigated,2026-01-29,2026-02-11,Aarav Mehta,Issue identified for Portfolio Initiative 14 - governance follow-up required
PRJ-013,Portfolio Initiative 13,Process Excellence,Vikram Das,Technology,2026-02-04,2026-09-19,Delayed,Low,76,6100000,5795000,-5,RAID-006,Dependency,Low,Open,2026-03-13,2026-04-01,Meera Iyer,Dependency identified for Portfolio Initiative 13 - governance follow-up required
PRJ-005,Portfolio Initiative 05,Finance Transformation,Kunal Shah,Customer Experience,2026-05-23,2026-09-21,Completed,Medium,100,6600000,6270000,-5,RAID-007,Issue,High,Closed,2026-07-03,2026-07-14,Meera Iyer,Issue identified for Portfolio Initiative 05 - governance follow-up required
PRJ-018,Portfolio Initiative 18,Process Excellence,Meera Iyer,Customer Experience,2026-03-01,2026-10-15,Delayed,Low,47,5700000,6042000,6,RAID-008,Risk,Medium,Closed,2026-07-27,2026-08-08,Priya Nair,Risk identified for Portfolio Initiative 18 - governance follow-up required
PRJ-006,Portfolio Initiative 06,Digital Transformation,Priya Nair,Finance,2026-06-02,2026-10-19,Delayed,Low,37,4700000,4794000,2,RAID-009,Issue,Medium,In Progress,2026-09-30,2026-10-10,Rohan Sen,Issue identified for Portfolio Initiative 06 - governance follow-up required
PRJ-013,Portfolio Initiative 13,Process Excellence,Vikram Das,Technology,2026-02-04,2026-09-19,Delayed,Low,76,6100000,5795000,-5,RAID-010,Risk,Medium,Mitigated,2026-09-02,2026-09-27,Vikram Das,Risk identified for Portfolio Initiative 13 - governance follow-up required
PRJ-018,Portfolio Initiative 18,Process Excellence,Meera Iyer,Customer Experience,2026-03-01,2026-10-15,Delayed,Low,47,5700000,6042000,6,RAID-011,Issue,Medium,In Progress,2026-04-28,2026-05-08,Aarav Mehta,Issue identified for Portfolio Initiative 18 - governance follow-up required
PRJ-011,Portfolio Initiative 11,Digital Transformation,Aarav Mehta,Finance,2026-06-04,2026-12-13,On Track,High,63,8300000,9047000,9,RAID-012,Risk,Medium,Closed,2026-10-20,2026-11-29,Rohan Sen,Risk identified for Portfolio Initiative 11 - governance follow-up required
PRJ-002,Portfolio Initiative 02,Finance Transformation,Priya Nair,Customer Experience,2026-01-14,2026-04-21,On Track,Low,69,8200000,7544000,-8,RAID-013,Assumption,Critical,Open,2026-02-16,2026-02-27,Priya Nair,Assumption identified for Portfolio Initiative 02 - governance follow-up required
PRJ-013,Portfolio Initiative 13,Process Excellence,Vikram Das,Technology,2026-02-04,2026-09-19,Delayed,Low,76,6100000,5795000,-5,RAID-014,Risk,Low,Mitigated,2026-04-18,2026-04-27,Neha Sharma,Risk identified for Portfolio Initiative 13 - governance follow-up required
PRJ-014,Portfolio Initiative 14,Digital Transformation,Kunal Shah,Customer Experience,2026-01-06,2026-06-12,Completed,High,100,4000000,4480000,12,RAID-015,Issue,Medium,Closed,2026-04-06,2026-04-26,Ananya Rao,Issue identified for Portfolio Initiative 14 - governance follow-up required
PRJ-008,Portfolio Initiative 08,Process Excellence,Priya Nair,Operations,2026-02-18,2026-10-02,Delayed,Critical,45,7700000,8162000,6,RAID-016,Risk,High,In Progress,2026-08-12,2026-09-08,Neha Sharma,Risk identified for Portfolio Initiative 08 - governance follow-up required
PRJ-001,Portfolio Initiative 01,Digital Transformation,Neha Sharma,Customer Experience,2026-02-03,2026-05-10,Delayed,Low,50,4600000,4462000,-3,RAID-017,Issue,Low,Open,2026-02-25,2026-03-17,Kunal Shah,Issue identified for Portfolio Initiative 01 - governance follow-up required
PRJ-005,Portfolio Initiative 05,Finance Transformation,Kunal Shah,Customer Experience,2026-05-23,2026-09-21,Completed,Medium,100,6600000,6270000,-5,RAID-018,Assumption,Low,In Progress,2026-07-03,2026-07-20,Meera Iyer,Assumption identified for Portfolio Initiative 05 - governance follow-up required
PRJ-018,Portfolio Initiative 18,Process Excellence,Meera Iyer,Customer Experience,2026-03-01,2026-10-15,Delayed,Low,47,5700000,6042000,6,RAID-019,Dependency,Medium,Mitigated,2026-10-03,2026-10-10,Kunal Shah,Dependency identified for Portfolio Initiative 18 - governance follow-up required
PRJ-004,Portfolio Initiative 04,Finance Transformation,Kunal Shah,Finance,2026-04-02,2026-07-27,On Track,Low,61,6300000,6552000,4,RAID-020,Assumption,High,Closed,2026-04-26,2026-06-07,Rohan Sen,Assumption identified for Portfolio Initiative 04 - governance follow-up required
PRJ-009,Portfolio Initiative 09,Data & Analytics,Ananya Rao,Technology,2026-03-05,2026-06-11,Delayed,Low,60,5200000,4940000,-5,RAID-021,Risk,High,Open,2026-04-27,2026-05-20,Meera Iyer,Risk identified for Portfolio Initiative 09 - governance follow-up required
PRJ-009,Portfolio Initiative 09,Data & Analytics,Ananya Rao,Technology,2026-03-05,2026-06-11,Delayed,Low,60,5200000,4940000,-5,RAID-022,Assumption,Low,Mitigated,2026-03-26,2026-04-19,Aarav Mehta,Assumption identified for Portfolio Initiative 09 - governance follow-up required
PRJ-001,Portfolio Initiative 01,Digital Transformation,Neha Sharma,Customer Experience,2026-02-03,2026-05-10,Delayed,Low,50,4600000,4462000,-3,RAID-023,Risk,High,Open,2026-03-18,2026-04-22,Vikram Das,Risk identified for Portfolio Initiative 01 - governance follow-up required
PRJ-018,Portfolio Initiative 18,Process Excellence,Meera Iyer,Customer Experience,2026-03-01,2026-10-15,Delayed,Low,47,5700000,6042000,6,RAID-024,Risk,Critical,Closed,2026-09-03,2026-10-14,Aarav Mehta,Risk identified for Portfolio Initiative 18 - governance follow-up required
PRJ-012,Portfolio Initiative 12,Finance Transformation,Kunal Shah,Customer Experience,2026-02-15,2026-09-01,At Risk,Critical,69,6600000,7194000,9,RAID-025,Issue,High,Open,2026-03-29,2026-04-28,Aarav Mehta,Issue identified for Portfolio Initiative 12 - governance follow-up required
PRJ-012,Portfolio Initiative 12,Finance Transformation,Kunal Shah,Customer Experience,2026-02-15,2026-09-01,At Risk,Critical,69,6600000,7194000,9,RAID-026,Risk,High,In Progress,2026-03-23,2026-05-04,Vikram Das,Risk identified for Portfolio Initiative 12 - governance follow-up required
PRJ-005,Portfolio Initiative 05,Finance Transformation,Kunal Shah,Customer Experience,2026-05-23,2026-09-21,Completed,Medium,100,6600000,6270000,-5,RAID-027,Assumption,High,Closed,2026-06-22,2026-07-10,Vikram Das,Assumption identified for Portfolio Initiative 05 - governance follow-up required
PRJ-001,Portfolio Initiative 01,Digital Transformation,Neha Sharma,Customer Experience,2026-02-03,2026-05-10,Delayed,Low,50,4600000,4462000,-3,RAID-028,Risk,Low,Closed,2026-04-06,2026-04-28,Kunal Shah,Risk identified for Portfolio Initiative 01 - governance follow-up required
PRJ-006,Portfolio Initiative 06,Digital Transformation,Priya Nair,Finance,2026-06-02,2026-10-19,Delayed,Low,37,4700000,4794000,2,RAID-029,Dependency,High,Open,2026-10-01,2026-11-07,Priya Nair,Dependency identified for Portfolio Initiative 06 - governance follow-up required
PRJ-007,Portfolio Initiative 07,Process Excellence,Priya Nair,Operations,2026-03-18,2026-10-10,At Risk,Critical,68,3800000,3952000,4,RAID-030,Dependency,Medium,Closed,2026-06-14,2026-07-05,Priya Nair,Dependency identified for Portfolio Initiative 07 - governance follow-up required
PRJ-001,Portfolio Initiative 01,Digital Transformation,Neha Sharma,Customer Experience,2026-02-03,2026-05-10,Delayed,Low,50,4600000,4462000,-3,RAID-031,Issue,Medium,Closed,2026-03-20,2026-04-13,Ananya Rao,Issue identified for Portfolio Initiative 01 - governance follow-up required
PRJ-017,Portfolio Initiative 17,Workplace,Rohan Sen,Operations,2026-01-27,2026-08-29,Delayed,Low,69,3400000,3298000,-3,RAID-032,Issue,Low,In Progress,2026-06-23,2026-07-01,Neha Sharma,Issue identified for Portfolio Initiative 17 - governance follow-up required
PRJ-009,Portfolio Initiative 09,Data & Analytics,Ananya Rao,Technology,2026-03-05,2026-06-11,Delayed,Low,60,5200000,4940000,-5,RAID-033,Risk,Low,Open,2026-04-17,2026-06-01,Vikram Das,Risk identified for Portfolio Initiative 09 - governance follow-up required
PRJ-012,Portfolio Initiative 12,Finance Transformation,Kunal Shah,Customer Experience,2026-02-15,2026-09-01,At Risk,Critical,69,6600000,7194000,9,RAID-034,Dependency,High,Closed,2026-07-30,2026-08-13,Vikram Das,Dependency identified for Portfolio Initiative 12 - governance follow-up required
PRJ-007,Portfolio Initiative 07,Process Excellence,Priya Nair,Operations,2026-03-18,2026-10-10,At Risk,Critical,68,3800000,3952000,4,RAID-035,Risk,Medium,In Progress,2026-03-28,2026-05-08,Priya Nair,Risk identified for Portfolio Initiative 07 - governance follow-up required
PRJ-012,Portfolio Initiative 12,Finance Transformation,Kunal Shah,Customer Experience,2026-02-15,2026-09-01,At Risk,Critical,69,6600000,7194000,9,RAID-036,Issue,Low,Mitigated,2026-05-20,2026-06-03,Kunal Shah,Issue identified for Portfolio Initiative 12 - governance follow-up required
PRJ-017,Portfolio Initiative 17,Workplace,Rohan Sen,Operations,2026-01-27,2026-08-29,Delayed,Low,69,3400000,3298000,-3,RAID-037,Risk,Medium,Mitigated,2026-05-20,2026-07-01,Rohan Sen,Risk identified for Portfolio Initiative 17 - governance follow-up required
PRJ-007,Portfolio Initiative 07,Process Excellence,Priya Nair,Operations,2026-03-18,2026-10-10,At Risk,Critical,68,3800000,3952000,4,RAID-038,Issue,Low,Mitigated,2026-09-17,2026-10-05,Kunal Shah,Issue identified for Portfolio Initiative 07 - governance follow-up required
PRJ-013,Portfolio Initiative 13,Process Excellence,Vikram Das,Technology,2026-02-04,2026-09-19,Delayed,Low,76,6100000,5795000,-5,RAID-039,Issue,Critical,Open,2026-04-28,2026-06-11,Ananya Rao,Issue identified for Portfolio Initiative 13 - governance follow-up required
PRJ-015,Portfolio Initiative 15,Finance Transformation,Ananya Rao,HR,2026-02-14,2026-08-18,Delayed,Critical,69,8500000,7820000,-8,RAID-040,Issue,Medium,In Progress,2026-07-04,2026-07-21,Neha Sharma,Issue identified for Portfolio Initiative 15 - governance follow-up required
PRJ-010,Portfolio Initiative 10,Finance Transformation,Kunal Shah,Customer Experience,2026-04-17,2026-12-27,At Risk,Low,61,3500000,3500000,0,RAID-041,Issue,Medium,Open,2026-07-21,2026-08-12,Kunal Shah,Issue identified for Portfolio Initiative 10 - governance follow-up required
PRJ-008,Portfolio Initiative 08,Process Excellence,Priya Nair,Operations,2026-02-18,2026-10-02,Delayed,Critical,45,7700000,8162000,6,RAID-042,Dependency,High,Open,2026-03-11,2026-04-17,Neha Sharma,Dependency identified for Portfolio Initiative 08 - governance follow-up required
PRJ-015,Portfolio Initiative 15,Finance Transformation,Ananya Rao,HR,2026-02-14,2026-08-18,Delayed,Critical,69,8500000,7820000,-8,RAID-043,Issue,Medium,Mitigated,2026-04-14,2026-05-15,Meera Iyer,Issue identified for Portfolio Initiative 15 - governance follow-up required
PRJ-013,Portfolio Initiative 13,Process Excellence,Vikram Das,Technology,2026-02-04,2026-09-19,Delayed,Low,76,6100000,5795000,-5,RAID-044,Risk,Medium,Closed,2026-02-15,2026-02-28,Vikram Das,Risk identified for Portfolio Initiative 13 - governance follow-up required
PRJ-008,Portfolio Initiative 08,Process Excellence,Priya Nair,Operations,2026-02-18,2026-10-02,Delayed,Critical,45,7700000,8162000,6,RAID-045,Risk,Low,In Progress,2026-07-10,2026-08-21,Priya Nair,Risk identified for Portfolio Initiative 08 - governance follow-up required
PRJ-004,Portfolio Initiative 04,Finance Transformation,Kunal Shah,Finance,2026-04-02,2026-07-27,On Track,Low,61,6300000,6552000,4,RAID-046,Issue,Low,In Progress,2026-07-06,2026-08-17,Ananya Rao,Issue identified for Portfolio Initiative 04 - governance follow-up required
PRJ-015,Portfolio Initiative 15,Finance Transformation,Ananya Rao,HR,2026-02-14,2026-08-18,Delayed,Critical,69,8500000,7820000,-8,RAID-047,Issue,Medium,In Progress,2026-07-03,2026-08-14,Meera Iyer,Issue identified for Portfolio Initiative 15 - governance follow-up required
PRJ-006,Portfolio Initiative 06,Digital Transformation,Priya Nair,Finance,2026-06-02,2026-10-19,Delayed,Low,37,4700000,4794000,2,RAID-048,Dependency,Medium,Mitigated,2026-07-15,2026-08-08,Meera Iyer,Dependency identified for Portfolio Initiative 06 - governance follow-up required
PRJ-008,Portfolio Initiative 08,Process Excellence,Priya Nair,Operations,2026-02-18,2026-10-02,Delayed,Critical,45,7700000,8162000,6,RAID-049,Risk,Critical,Open,2026-05-12,2026-06-09,Ananya Rao,Risk identified for Portfolio Initiative 08 - governance follow-up required
PRJ-018,Portfolio Initiative 18,Process Excellence,Meera Iyer,Customer Experience,2026-03-01,2026-10-15,Delayed,Low,47,5700000,6042000,6,RAID-050,Risk,High,Mitigated,2026-06-17,2026-07-07,Neha Sharma,Risk identified for Portfolio Initiative 18 - governance follow-up required
PRJ-014,Portfolio Initiative 14,Digital Transformation,Kunal Shah,Customer Experience,2026-01-06,2026-06-12,Completed,High,100,4000000,4480000,12,RAID-051,Issue,Medium,Open,2026-05-02,2026-06-04,Vikram Das,Issue identified for Portfolio Initiative 14 - governance follow-up required
PRJ-001,Portfolio Initiative 01,Digital Transformation,Neha Sharma,Customer Experience,2026-02-03,2026-05-10,Delayed,Low,50,4600000,4462000,-3,RAID-052,Dependency,Medium,In Progress,2026-04-02,2026-05-01,Kunal Shah,Dependency identified for Portfolio Initiative 01 - governance follow-up required
PRJ-013,Portfolio Initiative 13,Process Excellence,Vikram Das,Technology,2026-02-04,2026-09-19,Delayed,Low,76,6100000,5795000,-5,RAID-053,Dependency,Low,In Progress,2026-06-01,2026-07-12,Priya Nair,Dependency identified for Portfolio Initiative 13 - governance follow-up required
PRJ-016,Portfolio Initiative 16,Digital Transformation,Priya Nair,Customer Experience,2026-02-03,2026-08-04,Completed,Critical,100,5700000,5700000,0,RAID-054,Risk,Medium,In Progress,2026-02-20,2026-03-24,Rohan Sen,Risk identified for Portfolio Initiative 16 - governance follow-up required
PRJ-015,Portfolio Initiative 15,Finance Transformation,Ananya Rao,HR,2026-02-14,2026-08-18,Delayed,Critical,69,8500000,7820000,-8,RAID-055,Assumption,Low,Open,2026-07-10,2026-08-11,Aarav Mehta,Assumption identified for Portfolio Initiative 15 - governance follow-up required
PRJ-003,Portfolio Initiative 03,Process Excellence,Kunal Shah,Technology,2026-03-03,2026-09-23,At Risk,High,45,3800000,4028000,6,RAID-056,Issue,High,Open,2026-07-09,2026-08-01,Vikram Das,Issue identified for Portfolio Initiative 03 - governance follow-up required
PRJ-011,Portfolio Initiative 11,Digital Transformation,Aarav Mehta,Finance,2026-06-04,2026-12-13,On Track,High,63,8300000,9047000,9,RAID-057,Risk,High,Open,2026-09-19,2026-10-22,Kunal Shah,Risk identified for Portfolio Initiative 11 - governance follow-up required
PRJ-003,Portfolio Initiative 03,Process Excellence,Kunal Shah,Technology,2026-03-03,2026-09-23,At Risk,High,45,3800000,4028000,6,RAID-058,Issue,Medium,Closed,2026-03-26,2026-04-24,Priya Nair,Issue identified for Portfolio Initiative 03 - governance follow-up required
PRJ-003,Portfolio Initiative 03,Process Excellence,Kunal Shah,Technology,2026-03-03,2026-09-23,At Risk,High,45,3800000,4028000,6,RAID-059,Dependency,Medium,Closed,2026-03-20,2026-04-08,Aarav Mehta,Dependency identified for Portfolio Initiative 03 - governance follow-up required
PRJ-005,Portfolio Initiative 05,Finance Transformation,Kunal Shah,Customer Experience,2026-05-23,2026-09-21,Completed,Medium,100,6600000,6270000,-5,RAID-060,Risk,Medium,Mitigated,2026-06-16,2026-07-06,Meera Iyer,Risk identified for Portfolio Initiative 05 - governance follow-up required
